crossover_type,crossover_rate,mutation_type,mutation_rate,mutation_std_dev,selection_type,selection_size,distance,case_study,CA_size,population_size,input_locations,input_order,input_percentage,steps,sort_rules,chromosome_evol,input_loc_evol,output_loc_evol,growth_rate_mean_fitness_training,growth_rate_mean_fitness_control,growth_rate_best_fitness_training,growth_rate_best_fitness_control
uniform,0.565848459868832,bit_flip,0.7181131712537485,,roulette,,euclidean,number_plus_one,10,16,random,random,0.12364470268987837,21,low_average_low_std,yes,no,no,0.0011982355985208906,-6.292753586100211e-05,0.0018031040361418216,5.896437666522606e-05
uniform,0.10381585936519233,bit_flip,0.42910419857565996,,roulette,,manhattan,number_plus_one,10,15,evenly_distributed,random,0.9484300337152545,12,equal_behaviour,no,no,no,0.0005313488407826121,0.0004806980254464809,-0.0002350075629504404,-0.00013852067868504826
none,0.7187320317651001,bit_flip,0.007741695833516804,,roulette,,manhattan,number_plus_one,10,13,evenly_distributed,random,0.2358127222792602,17,equal_behaviour,yes,yes,yes,9.421740666588364e-05,0.0005328059562587248,-0.0022075471698113198,-0.000468227424749164
uniform,0.9251047736961268,gaussian,,2.3665847046123325,tournament,4,manhattan,number_plus_one,20,17,random,ordered,0.8702591803800247,24,big_average_low_std,no,no,no,0.00012654140647125263,3.333866640414468e-05,0.0,-4.651295840723162e-05
none,0.17389677565667094,bit_flip,0.6175358079412072,,roulette,,manhattan,number_plus_one,25,10,random,random,0.09503037270838643,13,low_average_low_std,no,no,no,0.0013374583531651596,0.00033882783882783894,0.0,-0.0004975124378109452
uniform,0.05260648398689893,bit_flip,0.5176374148736773,,tournament,8,euclidean,number_divided_by_two,20,12,evenly_distributed,random,0.8237029374292204,24,low_average_low_std,yes,no,yes,7.229959867579219e-05,4.734986119702924e-05,0.00012228707405045598,-0.00019339134855951684
none,0.3403232298281227,bit_flip,0.45849753249277037,,roulette,,manhattan,number_plus_one,20,12,evenly_distributed,ordered,0.34016452229731475,15,random,no,no,no,0.0007895216994656587,0.00022128922006610016,0.0,-0.0005172413793103447
single_point,0.3856067615151363,gaussian,,7.015390785820631,tournament,3,manhattan,number_divided_by_two,25,17,evenly_distributed,ordered,0.31320931760543225,11,random,no,no,no,0.0005084124875579551,0.0003772055317119696,-0.0008320172290021544,-0.0009509616066993116
single_point,0.059312097188766066,bit_flip,0.14471552285276867,,tournament,5,euclidean,number_divided_by_two,25,9,evenly_distributed,random,0.8529215973749822,15,different_behaviour,yes,no,no,8.417518806978198e-05,7.569515119552241e-05,1.5443676380420207e-05,3.0550425863643534e-05
none,0.9189729722426184,bit_flip,0.04213487163526519,,tournament,6,euclidean,number_plus_one,25,11,evenly_distributed,ordered,0.20042938912369257,29,equal_behaviour,no,yes,no,0.00034058672151175164,0.000707694195395831,-0.002238557270068407,0.00013287345457138088
uniform,0.5519014823522095,bit_flip,0.204451267257581,,roulette,,hamming,number_divided_by_two,25,13,evenly_distributed,random,0.655716044213496,20,low_average_low_std,yes,no,no,1.398001637799246e-05,-1.12245409059103e-05,-7.527888592420705e-05,-7.980645056862938e-05
uniform,0.484334487984974,bit_flip,0.9326259829712829,,tournament,6,hamming,number_divided_by_two,10,9,random,ordered,0.3701399275372289,27,big_average_low_std,yes,no,no,0.002104882538569424,0.0016260127564213073,0.004664371772805507,0.0024217462932454685
uniform,0.6853255838618517,bit_flip,0.858221044619185,,tournament,8,hamming,number_plus_one,25,12,evenly_distributed,random,0.33383104562998,29,big_average_big_std,no,no,no,0.00043970130425051516,0.00047018457190082483,0.0,0.0
none,0.43517809723910295,bit_flip,0.676354111556002,,roulette,,manhattan,number_divided_by_two,20,14,random,random,0.7073161167868458,27,big_average_low_std,yes,no,no,-0.00015636616007528266,-0.0001371607367988283,-0.0003726138615336774,-0.0002847347735031702
uniform,0.6396682756439287,bit_flip,0.5737455792669444,,tournament,6,euclidean,number_divided_by_two,25,19,random,random,0.5125125300421233,19,different_behaviour,no,no,no,0.0001964038889412731,0.00031513956179346356,0.0,0.0
none,0.032425237191079814,gaussian,,2.0658765323596167,roulette,,euclidean,number_plus_one,25,16,random,random,0.6882562620128633,18,big_average_low_std,no,no,no,2.3743998202872163e-05,-0.0001220983747681075,-6.254853100595517e-05,-0.0002931570873227722
uniform,0.9196188141123485,bit_flip,0.5531630133439903,,tournament,3,euclidean,number_plus_one,20,15,random,random,0.7352692779859521,29,different_behaviour,yes,no,no,0.0008264045580801515,0.0005712728719378392,0.0007327875463839022,0.0004913948102674359
single_point,0.6958219643315748,bit_flip,0.08421052697786358,,tournament,2,manhattan,number_plus_one,20,11,evenly_distributed,random,0.8403611868393458,17,big_average_big_std,no,yes,yes,0.00038316738085208854,0.00010220792865182912,0.00032718033763868746,2.89707160697726e-05
none,0.5035232356304972,bit_flip,0.04042497111572463,,tournament,5,manhattan,number_plus_one,25,9,evenly_distributed,ordered,0.68997374404669,27,equal_behaviour,yes,no,yes,0.0005029896371960154,0.0008583528907882181,-0.0002157402377542418,0.00020921060053338762
none,0.12474924423113709,bit_flip,0.4247021918414494,,roulette,,hamming,number_plus_one,10,9,random,ordered,0.15286529970479357,19,low_average_low_std,no,no,no,0.0005824904080920824,-0.00025203117227656953,-0.0004712041884816746,-0.0011525974025974018
none,0.6984850495956122,bit_flip,0.1474688081438975,,tournament,8,manhattan,number_divided_by_two,25,15,evenly_distributed,random,0.019142294073235866,26,big_average_big_std,no,yes,no,-0.0003394197999501256,-0.000589141665911362,-0.003688719657306044,-0.0044819927018879884
uniform,0.5228737971536254,gaussian,,9.862808255118189,tournament,9,manhattan,number_divided_by_two,10,19,random,ordered,0.8987668529436061,12,random,no,no,no,0.0006733069404094331,8.465773180811705e-05,0.0,-0.0012705817782656433
single_point,0.5545753250948263,bit_flip,0.4002167884156904,,roulette,,manhattan,number_divided_by_two,25,19,evenly_distributed,ordered,0.10691726471962515,18,random,yes,no,no,0.002890132803550972,8.119417900193359e-06,0.002242990654205606,-0.00032423208191126253
none,0.9967299754938107,bit_flip,0.22010944552367528,,tournament,6,hamming,number_plus_one,10,19,evenly_distributed,random,0.5499955290284307,25,equal_behaviour,no,no,no,0.0007898919262555621,6.883854958776836e-05,0.0,-0.0009197324414715722
single_point,0.29412515846560083,gaussian,,9.606942805673999,tournament,5,euclidean,number_plus_one,20,9,random,random,0.08225724211943264,26,big_average_low_std,no,no,no,0.0012131682242413936,9.043204538326035e-05,0.0,-0.0011050916311393874
none,0.24882724118835586,gaussian,,6.138552523393576,tournament,4,manhattan,number_divided_by_two,25,12,random,random,0.02016790236567445,27,equal_behaviour,no,no,no,0.0010507927976350442,0.0012297170443878237,0.0,-0.0011224489795918359
none,0.087208599012915,gaussian,,9.778897673071034,tournament,2,euclidean,number_plus_one,15,8,random,random,0.8110587130478891,22,random,no,no,no,0.0003707731768122674,0.00020690702156740706,0.0,0.0
single_point,0.7985679151251114,bit_flip,0.7359729924668035,,roulette,,hamming,number_divided_by_two,25,19,random,ordered,0.6146155622953289,12,different_behaviour,no,no,no,0.00018814294282812867,2.710760120057647e-05,-3.792907102246186e-05,-0.00013291172979014874
none,0.8995121104282751,bit_flip,0.8994637668461207,,tournament,8,euclidean,number_plus_one,15,15,evenly_distributed,ordered,0.6484575631893346,10,random,yes,no,no,0.0004164957770477854,0.0011964511930501528,5.970602522671005e-05,0.0006926454247128993
uniform,0.9830074959352776,bit_flip,0.5736639050192844,,roulette,,hamming,number_divided_by_two,15,9,evenly_distributed,ordered,0.4800856149767274,29,random,yes,no,no,0.0007094457388367567,0.0006038155413866065,0.00024952015355086417,-0.00011207335710646837
none,0.5868443295646543,bit_flip,0.3727057076712965,,tournament,6,euclidean,number_divided_by_two,20,9,evenly_distributed,random,0.6599698018370062,10,different_behaviour,no,yes,yes,0.0003205602011123949,-0.00024046439873900933,-4.590212025629184e-05,-0.0007955274314999372
single_point,0.23227985525693007,bit_flip,0.5052518509956571,,tournament,7,euclidean,number_plus_one,25,18,random,ordered,0.28895983821479676,16,equal_behaviour,no,no,no,0.0011454998946066005,0.0008569825210633225,0.0,0.0
none,0.08395303075586702,bit_flip,0.6015634278415347,,roulette,,hamming,number_plus_one,20,8,evenly_distributed,random,0.4240222290923401,25,big_average_big_std,no,yes,no,0.0002981054041894281,-0.0006106716472570124,-0.0005929108282437298,-0.0017100660707345516
none,0.7481121359358364,bit_flip,0.485805488679255,,tournament,2,euclidean,number_divided_by_two,15,10,evenly_distributed,random,0.2168521612151112,29,big_average_low_std,yes,no,no,0.0009530629472263666,-0.0012166106144755023,-0.0005667526606627528,-0.003356331131470306
none,0.9557720137791337,bit_flip,0.17931889479488083,,roulette,,manhattan,number_plus_one,20,19,evenly_distributed,random,0.7005297832288995,26,big_average_big_std,no,no,yes,-0.0004944475061254276,-0.0005588748532733609,-0.0011869817852386043,-0.001382300477253118
none,0.4762604115145015,bit_flip,0.5887327258443015,,tournament,4,manhattan,number_plus_one,25,17,random,random,0.9899051797901928,28,big_average_low_std,no,no,no,6.563561385713022e-05,-1.531998263874341e-06,0.0,-4.396686516979797e-05
none,0.3515446686452943,bit_flip,0.46135704361392993,,roulette,,manhattan,number_divided_by_two,25,13,evenly_distributed,random,0.7547382126735444,29,equal_behaviour,yes,no,no,-5.85706905288205e-06,-3.697275689070798e-05,-7.809337352239373e-05,-9.936869498700748e-05
uniform,0.7644701718838749,gaussian,,5.142204345501807,tournament,6,manhattan,number_plus_one,15,19,evenly_distributed,random,0.6291438546697653,26,different_behaviour,no,no,no,0.0008758152660743291,0.000285251626480475,0.0,-0.00011392483437557958
none,0.7901431735502039,bit_flip,0.5822803251290917,,tournament,7,hamming,number_divided_by_two,15,13,random,random,0.38701855674661745,21,different_behaviour,no,no,no,0.0016076769690927196,0.00048087431693989073,0.0,-0.0013773584905660378
uniform,0.2463461207524491,bit_flip,0.48140922382350326,,tournament,4,hamming,number_plus_one,15,15,random,ordered,0.43300630219161174,26,big_average_low_std,no,no,no,0.0007857651146241729,0.0001645624667803306,0.0,-0.00043043812451960036
uniform,0.9278398736052197,bit_flip,0.03556127641905127,,tournament,6,euclidean,number_divided_by_two,20,18,evenly_distributed,random,0.6356697672231765,19,equal_behaviour,no,no,no,0.00022621809641007085,-9.044704837542249e-06,0.0,-0.0001008711117207095
none,0.36733547042638004,bit_flip,0.0068009242122859526,,tournament,7,manhattan,number_plus_one,10,10,random,ordered,0.2973463695915274,15,low_average_low_std,yes,yes,yes,-5.61201274078559e-05,-0.00011063306699446844,-0.001086956521739131,-0.0008045977011494251
single_point,0.7331366287562568,bit_flip,0.2866795751546425,,roulette,,hamming,number_plus_one,10,18,random,random,0.9557850193689578,20,different_behaviour,yes,no,no,0.00046061539308231696,0.00025566497558414733,0.0008933891107308104,0.00047327074152136387
none,0.5724141944749531,bit_flip,0.6026165575181907,,tournament,6,euclidean,number_plus_one,25,19,random,ordered,0.07145536131324748,20,different_behaviour,yes,no,yes,-0.0011974894833855108,-0.0005048869289842947,-0.008520906652415857,-0.008266669171600034
none,0.5177390457909874,bit_flip,0.014229307001104585,,roulette,,euclidean,number_plus_one,25,10,random,random,0.3316567788958158,20,different_behaviour,no,no,no,8.292156867864052e-05,0.00016649236094880092,-0.00029042046426612245,-0.00015576585713623166
uniform,0.3893541351739004,bit_flip,0.5118600684814829,,roulette,,euclidean,number_plus_one,15,15,random,random,0.2511401409032119,16,random,yes,no,no,0.0008476355807181347,-5.708008994100008e-05,0.0008154231008441278,-0.0013227744050158935
single_point,0.47616628856515175,bit_flip,0.12229803642597592,,roulette,,manhattan,number_divided_by_two,15,18,evenly_distributed,random,0.12460591646444308,18,equal_behaviour,no,no,no,0.0004498816101026051,0.00017553052135184594,-0.0009009009009009016,-0.0043678160919540234
single_point,0.45470117996651505,gaussian,,8.864947341218542,roulette,,hamming,number_plus_one,25,14,random,ordered,0.4125306540820294,26,big_average_big_std,no,no,no,2.7262026384756018e-05,-0.00020436534293543553,-0.00031082357195957514,-0.000614231755842372
none,0.32243463512282844,bit_flip,0.9854451574615158,,roulette,,hamming,number_plus_one,20,13,evenly_distributed,random,0.2669028812366867,11,big_average_big_std,no,no,no,0.0006650159179342043,0.001420031718921556,-0.0003045685279187815,0.0
uniform,0.5184241666086113,bit_flip,0.035186090612706944,,tournament,3,hamming,number_divided_by_two,10,13,random,ordered,0.415363414796478,26,low_average_low_std,yes,no,no,0.0033021832531399077,0.0016995316505871816,0.0013212483154083998,-0.00017828489926903263
single_point,0.8166247394416309,bit_flip,0.02906034032151983,,roulette,,euclidean,number_plus_one,15,12,random,random,0.35415126649117434,29,low_average_low_std,no,no,yes,0.00040976819877469145,-0.00014919090068910514,-0.0010143301120128603,-0.0009519752266289791
none,0.37069167706637385,gaussian,,6.841658840911461,tournament,6,manhattan,number_divided_by_two,25,16,evenly_distributed,random,0.6560548164192814,27,different_behaviour,no,no,no,0.0001413945988681273,-1.1264772961615345e-05,0.0,-0.00012319965132845875
uniform,0.28595846256462587,bit_flip,0.11378047686099435,,tournament,6,hamming,number_divided_by_two,15,12,random,random,0.7620343471929127,10,big_average_low_std,yes,no,no,2.6312822566717277e-05,0.000245980988852386,1.5631321974513423e-05,7.959366364379371e-05
single_point,0.6609780360325824,bit_flip,0.07008802585324458,,roulette,,euclidean,number_plus_one,25,19,evenly_distributed,ordered,0.3073674726600524,18,low_average_low_std,no,yes,no,-0.0007771590028433686,-0.0010208958394990315,-0.003868436156385666,-0.003956626978480159
uniform,0.020865831720356942,bit_flip,0.9777201534969561,,tournament,2,hamming,number_plus_one,15,12,random,ordered,0.7717144719750756,24,big_average_low_std,no,no,no,0.0002089844278430901,-0.00018619425214898817,0.0,-0.0003856790881718603
uniform,0.9269019548435136,bit_flip,0.12093753714927857,,roulette,,euclidean,number_divided_by_two,20,13,evenly_distributed,random,0.6353482969701943,23,big_average_big_std,yes,no,no,8.01880233919026e-05,-5.28445426066178e-05,-0.00012162361602012,-0.00024206584398176457
none,0.3542380889182294,bit_flip,0.30371801989575364,,tournament,6,hamming,number_divided_by_two,10,11,evenly_distributed,random,0.6104882824830048,17,low_average_low_std,yes,no,yes,5.6692989468166146e-05,-0.0006182669238944258,-0.001328403606644298,-0.005048043882995338
single_point,0.3910411890170613,bit_flip,0.9800778469057795,,roulette,,manhattan,number_divided_by_two,10,19,evenly_distributed,random,0.5247091878181206,16,different_behaviour,no,no,no,0.00232016806722689,0.0019747407159585143,0.0,0.0
single_point,0.4216788460957126,bit_flip,0.09730630456344724,,tournament,4,manhattan,number_plus_one,25,10,evenly_distributed,ordered,0.07440216492440122,14,low_average_low_std,no,no,yes,0.002148124901930018,0.0004709748083242061,-0.0007311827956989244,-0.0007597173144876326
single_point,0.7789589543121113,bit_flip,0.20765278142751697,,tournament,9,hamming,number_divided_by_two,25,8,random,random,0.71823156432883,10,big_average_big_std,yes,no,yes,0.0008966630478232234,0.0002530971725043746,0.0006941518343536978,6.579394349236701e-05
uniform,0.8184329034031724,gaussian,,6.203685547833589,roulette,,euclidean,number_plus_one,25,16,random,random,0.31291125722052193,10,big_average_low_std,no,no,no,0.0003404292642320501,0.0003060004358665188,-3.4637341101072315e-05,-0.0006991707871955346
uniform,0.9640043910305142,bit_flip,0.4546666071644131,,tournament,9,hamming,number_divided_by_two,20,12,random,random,0.722451484476113,14,equal_behaviour,yes,no,no,0.0010182794494714498,0.00048176699352563384,0.0008433386717806949,0.00031307758792199314
uniform,0.4074018006239042,gaussian,,9.599266856273827,roulette,,manhattan,number_plus_one,20,17,random,ordered,0.31569867833298304,23,random,no,no,no,0.0008390015808505098,0.00037964134507761834,0.0,-0.00044811320754717024
single_point,0.6000423879255087,bit_flip,0.3263919821071498,,tournament,2,hamming,number_divided_by_two,15,11,random,ordered,0.5866574499867478,23,random,yes,no,no,0.0009430534228050176,0.0010171590916390383,0.0009093733494889247,0.0008189508257676701
single_point,0.10042199800367924,bit_flip,0.2521741222002506,,roulette,,manhattan,number_plus_one,25,16,evenly_distributed,ordered,0.38445828213526856,16,low_average_low_std,no,no,no,0.00027973947545729066,0.000351597626041604,0.0,-0.0001460436870252267
uniform,0.8523033721636825,bit_flip,0.5088261087827541,,tournament,8,euclidean,number_divided_by_two,20,19,random,random,0.8023130107037569,29,different_behaviour,no,no,no,0.0001992255482135917,0.0001088340109180291,0.0,-2.3350054370462554e-06
none,0.9675639737147652,bit_flip,0.674710119500095,,roulette,,hamming,number_plus_one,15,8,random,random,0.09619087847760821,21,different_behaviour,yes,no,no,0.0002911891790343794,0.000441033611812707,-0.0008937605396290046,-0.0006401384083044979
single_point,0.1324939031323057,bit_flip,0.24317838694392924,,roulette,,manhattan,number_plus_one,25,8,random,random,0.10202276184779191,22,equal_behaviour,no,no,no,0.00023023023023022995,-0.0001715939632003307,-0.0011721611721611717,-0.0007329842931937165
single_point,0.9303601217312768,bit_flip,0.018843695572595687,,roulette,,hamming,number_divided_by_two,15,9,random,ordered,0.25571694678884027,29,big_average_low_std,yes,no,yes,0.0011981976520983612,0.00029161381166330295,0.0005392808304924791,-0.0006041931001147967
uniform,0.6870117844094189,gaussian,,8.333455803263153,tournament,9,hamming,number_plus_one,10,15,random,random,0.5160864257990221,23,low_average_low_std,no,no,no,0.000838286534125843,0.0002551850345668972,0.0,-0.0008673469387755098
none,0.3144302373711396,bit_flip,0.052807764156627246,,tournament,3,euclidean,number_divided_by_two,15,13,evenly_distributed,ordered,0.881473641863998,21,big_average_low_std,yes,yes,no,0.00013670953223155556,0.00019940082865733732,-7.485458768393598e-05,-4.845107818589758e-05
none,0.9897753583459608,bit_flip,0.5082939173438302,,tournament,4,euclidean,number_divided_by_two,20,8,evenly_distributed,random,0.6551328338641416,17,big_average_big_std,yes,yes,no,-0.00023230426894592387,2.498845552644982e-05,-0.0005333479924445815,-0.00045814219405369003
uniform,0.016825583086284013,bit_flip,0.16165533319844683,,tournament,4,hamming,number_divided_by_two,25,18,random,random,0.8550727710937167,29,big_average_big_std,no,no,no,4.935865590229932e-05,3.0683112112360015e-05,0.0,-3.580381074667315e-05
uniform,0.794524713679147,gaussian,,1.8240114206273352,roulette,,euclidean,number_divided_by_two,15,19,random,ordered,0.2888497464563776,10,big_average_low_std,no,no,no,-0.0004792634476829027,-0.0004206453325311111,-0.002630086220462846,-0.0019760236881519976
single_point,0.07220502577548416,bit_flip,0.013031499731571583,,roulette,,hamming,number_plus_one,20,8,random,ordered,0.6657358708051222,11,equal_behaviour,yes,yes,no,0.00040980368081032563,0.0002961923237444553,-6.707080853055279e-06,0.00010399348344105872
none,0.7032894029858546,bit_flip,0.7745110299548443,,tournament,5,manhattan,number_plus_one,10,10,evenly_distributed,ordered,0.022624368610016377,23,different_behaviour,no,no,no,0.0010966513251864788,0.00029452159316343705,0.0,-0.0010994764397905747
uniform,0.6945595254014394,bit_flip,0.003119466534689197,,roulette,,manhattan,number_divided_by_two,15,19,evenly_distributed,random,0.6044965112111363,23,big_average_big_std,yes,no,yes,-3.129676161041707e-05,-0.00025944474476994857,-0.0006506806150743641,-0.0009097994607347494
single_point,0.4820161849778597,bit_flip,0.6983136589812738,,roulette,,euclidean,number_divided_by_two,15,8,random,random,0.5943411009419,11,different_behaviour,yes,no,no,0.00010290696587345203,-0.00015519465298815567,-5.5907419603777626e-05,-0.000343664976900354
single_point,0.6759333978951969,bit_flip,0.2297000396132557,,roulette,,euclidean,number_divided_by_two,20,9,evenly_distributed,random,0.36353335472607284,13,equal_behaviour,no,yes,no,0.000145399721193844,0.0006039169444036207,-0.000376031157852734,0.0002769493083009317
none,0.8320397970349629,gaussian,,8.262793136464126,tournament,7,euclidean,number_plus_one,25,8,random,random,0.0414667489318582,10,different_behaviour,no,no,no,0.0007875290531393208,0.0004230829674554624,0.0,-0.0011078373695344115
single_point,0.9526131961737707,gaussian,,4.115612286474928,roulette,,euclidean,number_divided_by_two,15,18,evenly_distributed,random,0.3892032634906467,28,big_average_low_std,no,no,no,-0.00014021006746588123,-0.000638704863581018,-0.0023301372433581742,-0.0019202799492941628
single_point,0.9665938357083362,bit_flip,0.46855240796742936,,roulette,,manhattan,number_plus_one,10,9,evenly_distributed,ordered,0.9533765082704535,24,big_average_low_std,no,no,no,-0.00010392914101938873,-0.00015861952224954952,-0.000368544386621626,-0.0008705195414056172
uniform,0.5877642361868176,bit_flip,0.6242392538150898,,roulette,,euclidean,number_divided_by_two,15,17,random,random,0.6683147384858077,15,big_average_low_std,yes,no,no,0.0002661509685647917,1.154246391871958e-05,0.0003593808538529539,-0.00016343889449608348
single_point,0.6505465838628977,gaussian,,5.420243072150127,tournament,6,manhattan,number_divided_by_two,10,17,random,ordered,0.4572823083152676,29,big_average_big_std,no,no,no,0.001235363529091404,0.00030113378684807235,-0.0008190476190476181,-0.0014781021897810225
single_point,0.20514349945461208,bit_flip,0.21255270554061223,,tournament,7,manhattan,number_divided_by_two,20,9,evenly_distributed,ordered,0.05764644677661057,16,big_average_low_std,no,no,no,0.0014151436031331584,0.00044718983817643946,0.0,-0.0008734402852049908
none,0.8998748737050504,bit_flip,0.9213347453917332,,tournament,7,euclidean,number_divided_by_two,25,16,random,random,0.3622411993553344,12,equal_behaviour,yes,no,no,0.0005904535513635608,-2.1809707770492758e-05,0.00021526154918244213,-0.0007867307773309507
none,0.6254953115068058,gaussian,,4.011795621500166,roulette,,euclidean,number_plus_one,25,10,random,random,0.5941839014140095,29,different_behaviour,no,no,no,-2.9443665684723364e-05,-8.474850749416195e-05,-0.0002838657491031051,-0.0003245379443412706
none,0.5285800224291939,bit_flip,0.9228691637566122,,tournament,7,hamming,number_divided_by_two,25,8,random,random,0.10307372417372229,25,random,no,no,no,0.0004999999999999997,0.0011128048780487806,0.0,-0.0004856115107913661
single_point,0.9069544987981897,bit_flip,0.025215266277774373,,roulette,,euclidean,number_divided_by_two,20,11,evenly_distributed,ordered,0.17243491384811205,21,different_behaviour,yes,no,no,0.0003195409126606972,0.000381395948402382,-0.0007505905078918254,-0.0005792717745020465
single_point,0.5051189609345711,bit_flip,0.49422473783148346,,roulette,,hamming,number_divided_by_two,25,18,random,ordered,0.4217762808619463,12,random,yes,no,no,0.00021341215164155642,0.0001834751295944125,2.426215411074587e-05,-5.2080078328437984e-05
single_point,0.37067756858135625,bit_flip,0.14902880790627282,,roulette,,hamming,number_divided_by_two,15,16,evenly_distributed,random,0.6096371689004847,22,low_average_low_std,no,no,yes,0.0010116607585146321,0.0002971552376861889,0.0013599003735990036,-0.00037349706248441915
none,0.46401019345246997,bit_flip,0.05496043657365468,,roulette,,hamming,number_plus_one,20,18,random,random,0.6948172049628306,21,equal_behaviour,yes,yes,no,0.00018661894843860372,-0.0003447375638832287,-0.0005024847687689133,-0.001665377097106316
uniform,0.5366409061761112,bit_flip,0.11811025969042077,,roulette,,manhattan,number_plus_one,15,18,evenly_distributed,random,0.1130747369561883,10,equal_behaviour,yes,yes,no,0.0010011313756517078,-0.002642710341421449,-0.0023964395754878473,-0.012264448889356776
none,0.6283673608561312,gaussian,,7.153689744131248,roulette,,hamming,number_plus_one,20,11,random,ordered,0.4293600517652332,23,big_average_big_std,no,no,no,0.0001725625219135113,0.0003465017053064719,-0.00025947465967917185,-0.00029346981083182137
uniform,0.30097748388288237,gaussian,,6.734774770811367,tournament,8,hamming,number_plus_one,15,12,random,random,0.5182556799567775,29,equal_behaviour,no,no,no,0.0010500458976146721,0.000908116681312558,0.0,0.0
none,0.7628538347251984,gaussian,,2.4558257115657294,roulette,,manhattan,number_divided_by_two,25,11,evenly_distributed,random,0.5388619871295284,22,different_behaviour,no,no,no,0.00022813548416259803,0.0001333706716701358,-0.00013904076122347477,-4.1718532447890536e-05
uniform,0.9368100272763195,bit_flip,0.41016542041323123,,tournament,7,euclidean,number_plus_one,20,13,random,ordered,0.6168057954769136,27,big_average_low_std,no,no,no,0.00017445608127603167,1.4654728830425605e-05,0.0,-0.00015345436124355089
none,0.45038812425702,bit_flip,0.4790863906095586,,tournament,4,manhattan,number_plus_one,10,14,evenly_distributed,random,0.2943618861227988,10,big_average_big_std,no,no,no,0.000964726827639922,-0.00039031564656635603,0.0,-0.0015492957746478875
single_point,0.5673024907638805,bit_flip,0.006992281764240271,,tournament,3,manhattan,number_divided_by_two,25,15,random,random,0.8601564888467563,20,big_average_low_std,yes,no,yes,0.00010076730722994917,7.947007626048156e-06,4.5211160908324677e-07,-0.00011500779503933124
uniform,0.12397458098650749,bit_flip,0.8780389783246912,,roulette,,manhattan,number_plus_one,20,19,evenly_distributed,random,0.503567041039779,13,equal_behaviour,no,no,no,8.674027540668709e-05,3.9532794334349924e-05,-0.0005385207851953615,-0.0012516389981554333
uniform,0.6816979404727322,bit_flip,0.2727911675939688,,tournament,4,manhattan,number_plus_one,25,11,evenly_distributed,ordered,0.6157674576565756,28,equal_behaviour,yes,no,yes,0.0017748066087966592,0.001578755109525498,0.0017073896610219933,0.0013290360675097185
single_point,0.5152302977890042,bit_flip,0.5275773431649554,,tournament,4,hamming,number_plus_one,15,9,random,ordered,0.838355621934329,28,different_behaviour,yes,no,no,0.001367242386417716,0.0016195711623515168,0.0013378653439519402,0.0015002369507819376
uniform,0.8725063916031115,bit_flip,0.01823532119500393,,roulette,,manhattan,number_divided_by_two,20,17,evenly_distributed,ordered,0.4621708182783514,15,random,yes,yes,yes,0.00047173864983762363,0.0003944413640553443,-0.00012265378182494064,-0.0005565042906544838
uniform,0.25799906873561973,bit_flip,0.7646374034426655,,tournament,6,euclidean,number_divided_by_two,10,17,random,random,0.2078970664694203,17,big_average_low_std,yes,no,no,0.0007313595719068644,0.0001164614353349741,0.0005493897663635853,-0.0008609500876673048
none,0.5910264895270956,bit_flip,0.23603288239388487,,tournament,6,euclidean,number_plus_one,10,9,random,ordered,0.44207953596006955,13,big_average_big_std,no,no,no,0.0007171222697070015,0.0018501481179221569,0.0,0.0
uniform,0.20038094067715062,bit_flip,0.2479008845975913,,tournament,5,manhattan,number_divided_by_two,25,16,evenly_distributed,ordered,0.43557764537254373,27,random,no,yes,yes,0.003475236207623195,0.0035122961694521917,0.0018483773475287677,0.00221669794542757
single_point,0.07084282028760303,bit_flip,0.26799456748621364,,tournament,5,euclidean,number_divided_by_two,25,17,evenly_distributed,ordered,0.6887058744532221,22,equal_behaviour,yes,no,no,-0.00011856696388485636,1.6665984836698856e-05,-0.0002303889978248421,-0.00013669313143237018
single_point,0.9031063831398954,bit_flip,0.15745455424566768,,tournament,8,manhattan,number_divided_by_two,15,14,random,ordered,0.10906280452767902,11,low_average_low_std,yes,yes,no,0.00832105535336189,0.004256408741296616,0.007840716159901218,0.0017563831517319881
none,0.4739198882474791,gaussian,,4.494482163648086,tournament,3,hamming,number_divided_by_two,20,17,random,random,0.7499401200810786,28,low_average_low_std,no,no,no,0.00031470505429460644,0.0001056484581775827,0.0,-0.0001009498864728338
uniform,0.8603745610354295,gaussian,,6.8190193991401244,tournament,4,manhattan,number_divided_by_two,20,9,evenly_distributed,ordered,0.868469066652917,13,random,no,no,no,0.00016720762255247157,0.00011208272925644993,0.0,0.0
none,0.8725340006137097,bit_flip,0.5695285157169141,,roulette,,hamming,number_plus_one,25,12,evenly_distributed,random,0.16317418543148443,22,different_behaviour,yes,yes,no,-0.0025559298580300183,-0.0014318954716305726,-0.008524653685944007,-0.0036006401137980122
none,0.3125229858280436,bit_flip,0.18435732398206672,,tournament,2,euclidean,number_divided_by_two,25,9,evenly_distributed,ordered,0.7527802731859959,11,big_average_big_std,no,no,yes,0.0004063999726757923,-1.5607911654193642e-05,-0.0002499719834744695,-0.0004033066934552962
uniform,0.9775862789687944,gaussian,,9.91264176383055,tournament,4,manhattan,number_divided_by_two,10,12,evenly_distributed,ordered,0.6964278956023569,27,big_average_low_std,no,no,no,0.0009538349121845565,0.00027584074748376994,0.0,-0.0006141732283464561
none,0.14737316643499332,bit_flip,0.041567553428062176,,roulette,,euclidean,number_plus_one,20,19,evenly_distributed,random,0.6373059088813036,27,equal_behaviour,yes,no,yes,-0.00011206589850139807,0.00030312579303970303,-0.0007115790774708007,-0.0004781372629910195
single_point,0.08027928757646063,bit_flip,0.5142305066074314,,roulette,,manhattan,number_plus_one,15,19,random,ordered,0.03310109558647789,17,different_behaviour,yes,no,no,-0.00011830675482950859,-0.0005088885181477767,-0.0009615384615384614,-0.0021308411214953265
none,0.21323793683912284,bit_flip,0.1217417501332756,,tournament,3,hamming,number_plus_one,20,15,evenly_distributed,random,0.044267203209445216,21,big_average_big_std,yes,no,no,0.0013221802482460863,-0.0010868871636711694,-0.0017802197802197796,-0.00404040404040404
none,0.30422010079920825,bit_flip,0.7848371931655288,,tournament,6,euclidean,number_plus_one,20,11,evenly_distributed,ordered,0.4195704544435823,20,big_average_big_std,no,yes,no,-0.00013602572592902844,0.00026956156013987137,-0.0016316897823548564,-0.0011921183185434607
uniform,0.18757937032990657,bit_flip,0.14924631860275028,,roulette,,hamming,number_divided_by_two,20,9,evenly_distributed,ordered,0.20082856259265514,26,low_average_low_std,no,yes,no,0.0006782245691388739,0.0007528432442126367,0.0,-0.0020587760374616514
single_point,0.6629943166723947,bit_flip,6.586959697219008e-05,,tournament,3,euclidean,number_plus_one,25,10,random,random,0.5330069962991026,10,random,no,no,yes,0.000300315733596685,0.0001034129572665142,2.7119013040266924e-06,-0.00020690965268890208
single_point,0.9017777323047809,bit_flip,0.39787268584175406,,tournament,8,euclidean,number_divided_by_two,15,14,evenly_distributed,random,0.48011364738921547,20,random,no,no,no,0.0005075959209174,0.000313856649947361,0.0,-0.00013879162741961657
none,0.4178626959755237,bit_flip,0.7861155864882114,,tournament,3,hamming,number_plus_one,25,13,evenly_distributed,random,0.4969143680322622,22,big_average_low_std,no,no,no,0.0001081421650003668,7.387646430060439e-05,0.0,-6.447015032907826e-05
uniform,0.7129849532867757,bit_flip,0.36213751962396756,,tournament,6,manhattan,number_divided_by_two,10,19,evenly_distributed,ordered,0.36987823607508374,10,random,no,no,no,0.0022610800434020545,-0.00029652351738241185,0.0,-0.004039735099337746
uniform,0.49611918823497003,bit_flip,0.5548049882063388,,tournament,7,euclidean,number_plus_one,15,12,random,random,0.3296076412082385,16,different_behaviour,yes,no,no,0.002538249893127789,0.0013672998071577926,0.000953680807105271,7.62611187968006e-05
uniform,0.8197149270980135,gaussian,,1.7563870174037541,tournament,6,hamming,number_plus_one,15,13,evenly_distributed,ordered,0.7090249470988483,15,big_average_big_std,no,no,no,0.0003401639093324829,0.0006200466415970014,0.0,0.0
single_point,0.9355921530291734,bit_flip,0.03152821544093187,,roulette,,euclidean,number_divided_by_two,15,18,evenly_distributed,random,0.3417758561828178,19,equal_behaviour,no,yes,no,0.0006792008274573506,-0.00018643963157756523,-0.0008141892004530566,-0.0017973434868488983
single_point,0.33987886147576474,bit_flip,0.5898691034855872,,tournament,2,manhattan,number_plus_one,10,15,evenly_distributed,random,0.7680446221533905,26,random,yes,no,no,0.0008473315273652592,0.00103202636868746,0.0003975055741360074,0.0010427053977888577
none,0.7193803490247275,bit_flip,0.10743575553331897,,tournament,2,manhattan,number_divided_by_two,20,15,evenly_distributed,random,0.666718724623654,15,big_average_low_std,no,no,no,0.00025695151477579166,0.00010005762783619633,0.0,-0.000207920792079208
none,0.3836540071566109,gaussian,,4.713674260350636,tournament,9,manhattan,number_plus_one,15,11,evenly_distributed,ordered,0.9663770008775158,28,low_average_low_std,no,no,no,0.00031430651374078465,0.00020319385539358957,0.0,-8.478385062784334e-05
single_point,0.2845691201861231,gaussian,,3.703132049318255,roulette,,manhattan,number_plus_one,15,18,evenly_distributed,random,0.1484321445570269,27,equal_behaviour,no,no,no,0.002691232972406567,0.0015013586956521736,0.0,0.0
single_point,0.24958904462616305,bit_flip,0.026304166869900447,,tournament,7,euclidean,number_divided_by_two,20,13,random,random,0.6097743074827062,15,big_average_big_std,no,yes,yes,0.0005018462579526272,0.00018169321760306005,0.00031494133227243814,-6.698114096692492e-05
uniform,0.4647244272091353,gaussian,,6.0989817257565955,tournament,8,manhattan,number_divided_by_two,20,14,evenly_distributed,ordered,0.5075308017531032,10,equal_behaviour,no,no,no,0.00019516699166936602,-0.00010358783063389685,0.0,-0.0003432209663886283
single_point,0.2402905726830088,bit_flip,0.025573990081535714,,roulette,,manhattan,number_divided_by_two,25,8,evenly_distributed,ordered,0.5128062589618296,26,big_average_big_std,no,yes,no,8.528050658189203e-05,0.00019451488008747408,-0.0001835175997187166,1.015866873065005e-05
single_point,0.48323420252866967,gaussian,,7.081866772456408,tournament,8,hamming,number_plus_one,15,17,random,ordered,0.5988353529984503,15,low_average_low_std,no,no,no,0.0005934984564784625,-6.734628093002682e-05,0.0,-0.0009365575847262858
single_point,0.9213963410635406,gaussian,,4.006358762575412,roulette,,euclidean,number_plus_one,25,9,random,random,0.3433758029265699,15,random,no,no,no,-0.00015002580432337315,0.0001793466046937246,-0.00046600069068665706,-0.0003468215670192722
none,0.7276946192131243,bit_flip,0.38030853353045113,,roulette,,euclidean,number_divided_by_two,15,8,evenly_distributed,ordered,0.951354185509083,22,big_average_low_std,no,no,no,0.00020364473564161027,-4.9569189129011666e-05,0.0,-0.00023982970243977155
none,0.7312787834704102,bit_flip,0.10269876486730489,,roulette,,manhattan,number_plus_one,25,16,random,ordered,0.05965053823086397,29,big_average_low_std,yes,no,no,-0.00018391911410688513,0.0008606245239908612,-0.002286245353159852,1.6638935108153903e-05
none,0.8123956569700105,bit_flip,0.6838519556397857,,roulette,,euclidean,number_divided_by_two,10,17,evenly_distributed,ordered,0.4768990263798687,14,equal_behaviour,yes,no,no,0.0008878974201796592,-0.0006560650712369513,-0.0003785690576583306,-0.002258199334176819
none,0.017226547287223504,bit_flip,0.8673166992632727,,roulette,,hamming,number_plus_one,25,18,evenly_distributed,ordered,0.13879693463928688,29,different_behaviour,yes,no,no,0.0017050691244239636,3.134796238244503e-05,0.0002214022140221394,-0.003032786885245902
uniform,0.3582099750125719,bit_flip,0.6829737563900242,,roulette,,hamming,number_divided_by_two,15,18,evenly_distributed,ordered,0.6474959754251551,21,equal_behaviour,no,no,no,-0.00032373140499307744,-0.0002356514430060838,-0.0010952933092845494,-0.0008433773154021818
single_point,0.9491820436585248,gaussian,,6.350346441317114,tournament,4,manhattan,number_divided_by_two,20,10,evenly_distributed,random,0.6020732833464807,10,big_average_low_std,no,no,no,0.0003688370392549236,0.0001282972230146893,0.0,-3.3985570148521955e-05
single_point,0.8091121533091583,gaussian,,7.546828478743285,tournament,2,hamming,number_plus_one,10,10,evenly_distributed,ordered,0.5429948694991246,15,big_average_big_std,no,no,no,0.0003963653454488487,0.000554675118858953,0.0,-0.0003114186851211071
single_point,0.8554608600492051,bit_flip,0.21623735736952387,,tournament,5,manhattan,number_plus_one,10,12,evenly_distributed,ordered,0.9071089319552278,22,different_behaviour,yes,no,no,0.0014771639091344364,0.0016018838634199008,0.0013101587500784337,0.0010288189381593617
none,0.5709836444862936,bit_flip,0.8199049547679089,,tournament,6,euclidean,number_plus_one,10,17,evenly_distributed,random,0.2572901834753841,19,big_average_big_std,yes,no,no,-0.0008300128815656425,0.00041066423255061113,-0.00222057491851963,-0.0007896243576821766
none,0.02456577033531282,gaussian,,4.444247735423923,tournament,9,manhattan,number_divided_by_two,15,12,evenly_distributed,ordered,0.42294168909616947,26,big_average_big_std,no,no,no,0.0018207593795250192,0.0003072945066929333,0.0,-0.0007629204265791635
none,0.20208649984493854,bit_flip,0.6754528195475166,,tournament,9,manhattan,number_divided_by_two,10,14,random,ordered,0.32253231076010036,12,big_average_big_std,yes,no,no,-0.00018615040953089989,-0.0009064261555806081,-0.001793103448275862,-0.003136882129277566
none,0.37623304928136414,bit_flip,0.9534197924026261,,roulette,,euclidean,number_plus_one,15,13,random,ordered,0.02318092288962237,27,big_average_big_std,yes,no,no,-0.00017182137034241375,-0.0011236768164575178,-0.0022840888773164006,-0.0023284067730895822
single_point,0.6143285305008042,bit_flip,0.3286663900475947,,roulette,,hamming,number_plus_one,25,10,evenly_distributed,random,0.9528667587001088,15,random,yes,no,yes,-4.061143446154348e-05,2.2016497626342008e-06,-9.841968885185088e-05,-0.00010294132562640689
single_point,0.14886698821726274,gaussian,,9.824741687617811,tournament,5,manhattan,number_divided_by_two,10,16,evenly_distributed,random,0.15092903505247024,20,low_average_low_std,no,no,no,0.0011831442463533226,0.0009145340415258328,0.0,-0.0009293680297397767
single_point,0.722875473481853,bit_flip,0.04337870847771419,,tournament,3,hamming,number_plus_one,20,18,random,random,0.9090221291513176,19,big_average_low_std,no,no,no,6.288664964274134e-05,-3.947745505830814e-05,0.0,-0.00010256179188509802
uniform,0.15524796230078808,gaussian,,7.629663333439801,tournament,7,euclidean,number_plus_one,20,19,evenly_distributed,random,0.620447008364029,19,low_average_low_std,no,no,no,0.0003522830054614645,0.00032060551503726583,0.0,-1.022581778713591e-05
uniform,0.8757043344824934,gaussian,,3.0584304598370675,tournament,5,manhattan,number_plus_one,20,12,evenly_distributed,ordered,0.35578119790779394,10,equal_behaviour,no,no,no,0.0009322663618176622,0.0007429410514935479,0.0,-3.358052329648795e-05
single_point,0.9283846217210848,bit_flip,0.023109000115145162,,tournament,7,euclidean,number_plus_one,20,14,evenly_distributed,random,0.003735340505938267,16,low_average_low_std,no,yes,no,0.005211873690370715,0.0028162811791598874,0.0012667326059228542,0.0015498026453863386
single_point,0.046070823326309185,bit_flip,0.1039403362537934,,roulette,,manhattan,number_plus_one,10,9,random,ordered,0.6945499097234047,21,random,no,yes,no,0.0004848213040742506,-0.0006568915794557131,0.00021193092621664015,-0.0026541971148385146
none,0.08889754210283962,bit_flip,0.03506712514956678,,roulette,,hamming,number_plus_one,15,18,evenly_distributed,ordered,0.9809545970164217,19,different_behaviour,yes,yes,no,-0.0001629168050156715,-0.0002998839466737701,-0.0008631026737192965,-0.0009589209069087696
single_point,0.2426514369513112,bit_flip,0.8970794323601617,,roulette,,hamming,number_plus_one,25,17,random,ordered,0.8201592187581018,13,different_behaviour,yes,no,no,-2.1215374530545794e-05,1.1430995435312957e-05,-9.444746323591664e-05,-0.0001116870738135691
single_point,0.7584698313331627,bit_flip,0.5088381190959844,,tournament,7,euclidean,number_plus_one,15,17,random,random,0.6992292786921317,27,different_behaviour,yes,no,no,0.0038515496024443957,0.001692593166518696,0.0035673567515494206,0.003048151201944636
single_point,0.6313073660155907,gaussian,,2.064791131183249,tournament,7,hamming,number_divided_by_two,25,17,random,random,0.32152991897556127,10,equal_behaviour,no,no,no,0.000505773194397287,0.00016413435642054976,0.0,-0.000201113078674425
uniform,0.9736985312143202,bit_flip,0.5481942444796498,,tournament,8,manhattan,number_divided_by_two,20,15,evenly_distributed,random,0.4585452596873272,14,equal_behaviour,yes,no,no,0.0020244171423705417,0.0020382878683971924,0.0016309930141312316,0.0018288470312194482
none,0.849153656452351,bit_flip,0.9159939006660526,,roulette,,hamming,number_divided_by_two,15,8,random,random,0.5299144448507022,22,low_average_low_std,yes,no,no,0.00069601548172059,0.0002940148909575086,-1.7776287103806526e-05,-0.00027821625887924293
single_point,0.8258120416967547,bit_flip,0.6455394439775565,,roulette,,hamming,number_divided_by_two,20,18,random,ordered,0.9797741167955903,10,low_average_low_std,yes,no,no,-1.4392530103802877e-05,6.481900338758203e-05,-4.2080113864871684e-05,-1.7065049769560286e-05
single_point,0.5696338130148282,gaussian,,1.3939946887767989,tournament,7,euclidean,number_plus_one,25,11,random,random,0.10210655520840362,18,low_average_low_std,no,no,no,0.001202748460935015,0.0005218254006681642,0.0,-0.0014111842877138415
uniform,0.7336579696219906,bit_flip,0.12862923337495769,,roulette,,manhattan,number_divided_by_two,20,11,random,random,0.5104611548918603,22,big_average_low_std,no,no,yes,-0.00019363630218136087,-6.24648461668258e-05,-0.00045288286214368467,-0.00010629022619735711
none,0.5884764767857079,bit_flip,0.04395161514989343,,tournament,5,euclidean,number_plus_one,20,16,random,ordered,0.017901904006938585,25,different_behaviour,no,yes,no,-0.0001761467686405708,0.002610433303143744,-0.0020833069843987965,0.0014070089895051356
none,0.8762434803895379,bit_flip,0.8549119311163226,,tournament,9,euclidean,number_plus_one,25,11,random,random,0.31706365448757823,17,equal_behaviour,yes,yes,no,0.003099928526836384,-0.0010017639318591733,3.1064783455456624e-05,-0.005041862140201009
none,0.4854322183051536,bit_flip,0.28183211646501793,,roulette,,hamming,number_divided_by_two,20,16,evenly_distributed,random,0.7556977341410818,16,big_average_big_std,no,no,no,-5.9996265974861066e-05,-7.49007354224032e-05,-0.00020810965615116383,-0.0003085436863597996
single_point,0.5588269943044853,bit_flip,0.18095630637463667,,roulette,,manhattan,number_divided_by_two,20,18,random,random,0.8553755798654247,14,random,no,no,no,-7.45585241440722e-05,-0.00056659156148967,-0.0005678270718267667,-0.0009493871620086562
single_point,0.742929914282561,bit_flip,0.9787620485487445,,tournament,2,manhattan,number_plus_one,15,19,evenly_distributed,random,0.9990773220534301,18,equal_behaviour,yes,no,no,0.0010427245735170313,0.0009128199522077251,0.0015449760405521233,0.000850440761988526
none,0.8584786248868643,bit_flip,0.2191839713694833,,roulette,,manhattan,number_divided_by_two,20,15,random,random,0.5926002464677224,16,big_average_low_std,yes,no,no,0.0001953885073490604,0.0001498028211165357,-7.623492804356236e-05,-6.919444121859626e-05
single_point,0.6706815612756195,bit_flip,0.39845229657798875,,roulette,,hamming,number_divided_by_two,25,16,random,ordered,0.5687260266401957,27,different_behaviour,yes,no,no,-2.481103430876679e-05,0.00012973177351360165,-0.00023943956594309372,0.00023488384992603707
none,0.2982206808393133,bit_flip,0.4809976045871044,,roulette,,hamming,number_plus_one,20,10,random,random,0.30047327582112004,14,random,no,no,yes,-0.004396599548967714,-0.00473012314709048,-0.018974883867412015,-0.00960507382525731
uniform,0.5460344709401376,bit_flip,0.06699919580004521,,tournament,3,euclidean,number_plus_one,15,16,evenly_distributed,ordered,0.5681394443935563,13,equal_behaviour,no,yes,no,0.00257046455307833,0.002496905908660802,0.0011336256016724882,5.100333202071695e-05
none,0.5981009375126182,gaussian,,8.470121000230373,roulette,,euclidean,number_plus_one,20,8,evenly_distributed,random,0.455366305726702,23,big_average_low_std,no,no,no,-3.012700643157355e-05,2.6312688288928153e-05,-0.00030156045004024886,-0.00023137054546122027
single_point,0.9544577802665564,gaussian,,5.682478637468843,roulette,,manhattan,number_divided_by_two,25,10,evenly_distributed,ordered,0.145320159024236,14,low_average_low_std,no,no,no,0.0012292036827653047,-0.00012314089237166123,-5.5555555555556344e-05,-0.0013440860215053762
none,0.5935941937170257,bit_flip,0.06486133408284889,,tournament,2,manhattan,number_plus_one,25,13,evenly_distributed,random,0.5769417589821461,18,equal_behaviour,yes,yes,no,-0.00022160381601342492,-8.64102882355441e-05,-0.0006173863341205057,-0.0003570289297342812
none,0.8150871795589478,gaussian,,9.87363840274969,roulette,,euclidean,number_divided_by_two,25,17,random,random,0.7700350200807595,15,equal_behaviour,no,no,no,-9.086549119177468e-05,-8.297603777688077e-05,-0.00021790811114560954,-0.000243338651032161
single_point,0.30453699948069624,bit_flip,0.49470439586817305,,tournament,4,hamming,number_divided_by_two,10,12,evenly_distributed,random,0.22988073556735045,14,random,no,no,no,0.0019563522992985197,-0.0003841615314015993,0.0,-0.0024528301886792446
none,0.1668449254000237,gaussian,,4.234631773259695,roulette,,hamming,number_plus_one,10,17,random,ordered,0.2659615431499017,10,different_behaviour,no,no,no,0.0015828713439112975,0.001941993617420687,-0.0001968503937007888,-0.0010989010989010985
uniform,0.042357731968245216,gaussian,,1.470324866138419,roulette,,hamming,number_divided_by_two,25,12,evenly_distributed,ordered,0.9684428988579992,12,big_average_big_std,no,no,no,-2.789350392868002e-06,-2.5366780372741254e-05,-6.0900225593665123e-05,-7.725235233962594e-05
none,0.6905539689120108,gaussian,,3.868133312796304,roulette,,euclidean,number_divided_by_two,20,15,random,ordered,0.4031632114047268,28,low_average_low_std,no,no,no,-0.00033147362630366327,-0.0004174625405473863,-0.0010135999674725077,-0.0009371059711030573
single_point,0.5914852011436021,gaussian,,8.879362598664446,tournament,9,euclidean,number_divided_by_two,15,13,evenly_distributed,ordered,0.045447887599037506,29,big_average_big_std,no,no,no,0.0015433654968237626,0.0026095267592622395,0.0,0.0
none,0.5772516884255922,gaussian,,7.0853030779307575,roulette,,manhattan,number_plus_one,20,18,random,random,0.9479374380516246,12,random,no,no,no,-2.514646137717325e-05,-8.591546160081483e-05,-0.0005426524400250514,-0.0005431524174066364
single_point,0.29716442208700267,gaussian,,9.60524365934103,tournament,9,manhattan,number_plus_one,15,14,evenly_distributed,ordered,0.12264382492051495,18,big_average_big_std,no,no,no,0.0010511363636363624,-1.9219898247596177e-05,0.0,-0.001384892086330935
uniform,0.6338043009105065,gaussian,,9.328466301175819,tournament,6,manhattan,number_divided_by_two,15,16,random,ordered,0.16797084196856282,13,equal_behaviour,no,no,no,0.0009962675854148719,0.0016290678698281653,0.0,-0.00016791044776119442
single_point,0.8220529602850505,bit_flip,0.03434534259017297,,roulette,,euclidean,number_plus_one,10,8,evenly_distributed,ordered,0.10100807789124489,23,big_average_big_std,no,no,yes,0.0005429288042865663,0.0019284371527709093,-0.0008599509144072375,0.00042856747496565153
single_point,0.9372819864503158,bit_flip,0.9106476972184308,,roulette,,euclidean,number_plus_one,25,11,evenly_distributed,random,0.2920989772969085,29,low_average_low_std,no,yes,no,0.0010806312053245083,0.0003926003535639579,0.0003157787817706882,-0.0007364924697900347
single_point,0.6009370138870515,bit_flip,0.0846219714526879,,roulette,,hamming,number_divided_by_two,20,9,evenly_distributed,ordered,0.6219088669489404,12,big_average_big_std,yes,no,yes,0.00024735104912899366,0.00016785598999608181,-0.00010211643686001254,-7.267801335963676e-05
single_point,0.2313113130007528,bit_flip,0.001933458556045764,,roulette,,manhattan,number_plus_one,15,18,random,ordered,0.4944466507459624,29,big_average_big_std,yes,yes,yes,0.0008468325815424049,0.0004226879307721495,0.00013872053872053815,-0.00018574398176087985
single_point,0.542783902686643,bit_flip,0.2006046133497431,,tournament,9,manhattan,number_plus_one,25,8,evenly_distributed,ordered,0.9407552908055176,26,different_behaviour,no,no,yes,0.00027973970554615106,0.0001236886242694165,0.00013185507684632756,3.862578172606987e-05
none,0.7455639802859214,bit_flip,0.41117001962320043,,roulette,,hamming,number_plus_one,15,8,random,random,0.46392660579085065,20,random,no,no,no,0.0004453189726594855,0.0006223046966885339,-0.0002012383900928802,-8.998875140607391e-05
uniform,0.5322039018353762,bit_flip,0.8631801692132361,,tournament,2,hamming,number_divided_by_two,20,15,evenly_distributed,ordered,0.10842447809720901,21,random,no,no,no,0.001702453987730061,0.00046260138179633466,0.0,-0.0006722689075630254
single_point,0.4244821698720386,bit_flip,0.07690947404834214,,tournament,7,manhattan,number_divided_by_two,20,15,evenly_distributed,ordered,0.7390463993911643,14,equal_behaviour,yes,no,no,0.0008080504581386988,0.0005482344736418352,0.0005217284333506302,0.0002486678507992892
none,0.735188178539322,bit_flip,0.35396426414367044,,tournament,5,euclidean,number_divided_by_two,15,9,random,ordered,0.12347253229973676,25,equal_behaviour,yes,no,no,0.00034450384091107766,-0.0004016257694317907,-0.00111903546161644,-0.0020015516667286786
single_point,0.5070414423981885,bit_flip,0.24465423990852575,,tournament,9,manhattan,number_plus_one,20,15,random,ordered,0.4018028358674276,17,big_average_low_std,yes,yes,no,0.0015220498053517334,0.0009569715627585542,0.0024362414563253235,0.00046320282450788944
single_point,0.7055458981690761,bit_flip,0.02448969376521537,,roulette,,manhattan,number_plus_one,10,11,random,ordered,0.04164826889935458,16,different_behaviour,yes,yes,no,0.0014822290654912347,-0.0004887110687168977,0.0008332483079957825,-0.0013084209975401685
none,0.1281152631622594,bit_flip,0.36704775661722455,,roulette,,manhattan,number_divided_by_two,15,12,evenly_distributed,ordered,0.5298234532288293,13,random,yes,no,no,-0.0002737617575478522,0.001276472863493544,-0.0014722888168100404,0.00048543689320388337
single_point,0.34920516298156734,bit_flip,0.3938925534008071,,tournament,7,manhattan,number_plus_one,10,13,evenly_distributed,ordered,0.305652794846171,23,low_average_low_std,yes,no,no,0.0019738213830649835,0.0017070386810399477,0.0010906040268456373,-0.0005230125523012532
uniform,0.8882089698271133,bit_flip,0.00935022332355162,,roulette,,hamming,number_plus_one,25,14,random,random,0.44790312608225114,26,different_behaviour,no,yes,yes,1.9124590945736317e-05,-3.835016044454807e-05,-0.00041929325670650517,-0.0003511205976520809
uniform,0.864781583131131,bit_flip,0.356192665842187,,roulette,,euclidean,number_plus_one,20,14,random,ordered,0.07531901577518851,11,equal_behaviour,yes,no,no,-0.0003706837620199998,0.0007770551413189141,-0.0015720936026936277,-0.001827918896711243
single_point,0.5964531762896205,bit_flip,0.06638051690935476,,roulette,,manhattan,number_divided_by_two,20,8,evenly_distributed,ordered,0.8051867893829368,10,different_behaviour,yes,yes,no,-1.0998709916507335e-05,-2.9668386332461066e-05,-0.0002666488413097602,-0.0001812554078259537
none,0.6357191202662467,bit_flip,0.006713557910964285,,roulette,,euclidean,number_plus_one,20,12,random,random,0.7995072548856207,12,random,yes,yes,yes,6.059553508792183e-05,-1.3786341637339817e-05,-0.00042595523567627114,-0.00040325797068732606
single_point,0.08019841305481334,bit_flip,0.02704429119380014,,roulette,,manhattan,number_divided_by_two,25,8,evenly_distributed,ordered,0.0794816861088451,22,equal_behaviour,no,no,no,0.0022606120434353403,0.000366409189938602,0.0,-0.0016923076923076924
uniform,0.3468395648500149,bit_flip,0.16516631680013494,,roulette,,manhattan,number_divided_by_two,10,11,random,random,0.5239800016619919,20,low_average_low_std,yes,no,no,0.0002429561882283535,0.00043492017834028545,-0.0016831683168316823,0.00011647254575707115
none,0.8106821958888776,bit_flip,0.6278282683507668,,tournament,5,euclidean,number_divided_by_two,15,12,random,ordered,0.41388878731264966,12,different_behaviour,no,no,no,0.0006989371608543129,0.0007521709563029338,0.0,-6.121051717570476e-05
single_point,0.11999910601106467,gaussian,,3.9863697760338233,roulette,,manhattan,number_plus_one,15,15,random,ordered,0.6375728586617424,29,big_average_low_std,no,no,no,-9.246706066628896e-06,-1.8660938684922716e-06,-0.00023200662011060445,-0.0001809584432117853
uniform,0.28960181553430453,bit_flip,0.57850062427448,,tournament,9,manhattan,number_plus_one,10,17,random,random,0.9949472124379979,27,random,yes,no,no,0.001005782662278289,0.0007056073952576551,0.000591418264666793,0.0006380999627930052
uniform,0.04115408967589129,bit_flip,0.6736899445108482,,roulette,,euclidean,number_plus_one,10,12,evenly_distributed,random,0.12918721690721635,14,random,yes,no,no,0.0008170342682192011,-0.0006354727779723627,0.00015219076352525568,-0.0012017322440020636
single_point,0.2613979471587624,bit_flip,0.6833707057716772,,tournament,8,hamming,number_divided_by_two,25,11,evenly_distributed,ordered,0.5977232122936404,18,big_average_big_std,no,no,no,0.0002511247122166147,0.00020930751456337584,0.0,0.0
single_point,0.632788894523884,bit_flip,0.20284749955397618,,tournament,5,manhattan,number_plus_one,15,19,evenly_distributed,ordered,0.5945626702811109,21,low_average_low_std,no,no,no,0.0006883224175767878,0.0006455201816620293,0.0,0.0
none,0.8485508681251906,bit_flip,0.8543076328259787,,tournament,7,manhattan,number_plus_one,20,17,evenly_distributed,random,0.7759576691018119,18,different_behaviour,no,no,no,0.0002173603062313829,6.116040821580563e-05,0.0,-0.00018277716585757213
uniform,0.563556680767476,bit_flip,0.6570631433056238,,roulette,,euclidean,number_plus_one,10,8,random,ordered,0.8847650122953664,11,random,no,no,no,0.0001463727033398358,-0.00021572123466135213,-0.0005212113120078717,-0.0009062322444704663
none,0.6988199332920951,bit_flip,0.39111377969230054,,tournament,8,euclidean,number_plus_one,20,17,evenly_distributed,ordered,0.7415283518194198,11,low_average_low_std,yes,no,no,-6.534659675929205e-05,-0.00014769134280284233,-0.0005606372247956176,-0.00048217241621708993
uniform,0.03185730448727908,bit_flip,0.353113148689284,,roulette,,manhattan,number_divided_by_two,10,9,random,ordered,0.06720182222177329,29,big_average_big_std,yes,no,no,0.00035821392869043637,0.001996644295302013,-0.0017335766423357672,0.0007233273056057868
uniform,0.4993926605675274,gaussian,,9.689579101125162,tournament,4,euclidean,number_divided_by_two,10,9,random,ordered,0.8213677716273732,24,big_average_low_std,no,no,no,0.00017324737510420436,0.00019345727512214432,0.0,0.0
single_point,0.48666980202287335,bit_flip,0.421510055842771,,tournament,9,manhattan,number_divided_by_two,25,19,evenly_distributed,ordered,0.3639882580431202,25,equal_behaviour,no,no,no,0.0009460555886263339,0.0011644445283185022,0.0,0.0
uniform,0.14503322065430202,bit_flip,0.6374323470585973,,roulette,,euclidean,number_plus_one,15,16,random,ordered,0.4594539955086284,10,random,yes,no,no,-0.0002918402188404876,-6.475620027747864e-05,-0.0048729795361025,-0.0016798748141855135
single_point,0.389003048499736,bit_flip,0.0005948587627393476,,roulette,,manhattan,number_divided_by_two,15,8,random,random,0.12787265982408424,22,low_average_low_std,yes,yes,no,0.0014163756305781913,0.0017880274779195292,0.0010517799352750814,0.0010291595197255575
single_point,0.14647541473116965,gaussian,,1.5191413558428517,roulette,,manhattan,number_plus_one,10,9,evenly_distributed,random,0.08341397940766127,26,big_average_big_std,no,no,no,0.0005842391304347824,0.000544382801664355,-0.0006574394463667815,-0.0003945111492281308
uniform,0.68332233734796,bit_flip,0.057327972172683705,,roulette,,manhattan,number_plus_one,20,18,random,random,0.10371030573425133,25,big_average_big_std,yes,no,no,0.0008747973030639237,0.0012693581595201867,-0.0011864406779661025,0.0006352087114337565
none,0.4397573828951512,bit_flip,0.9010513648741025,,tournament,6,hamming,number_plus_one,10,17,random,random,0.7202449744024013,19,big_average_big_std,yes,no,no,0.0005314405916361288,0.00010719174710846044,-1.2230753550315632e-05,-0.0008505922283022785
single_point,0.6759276765472987,bit_flip,0.9004521191846535,,roulette,,euclidean,number_divided_by_two,25,11,random,random,0.5127906823412736,17,low_average_low_std,yes,no,no,5.203070312050797e-05,0.00011437727309824511,3.6432044953513256e-05,-9.316636229462184e-05
single_point,0.5731088390231621,gaussian,,7.801157453367028,tournament,3,euclidean,number_divided_by_two,15,13,evenly_distributed,random,0.24246167978554,20,big_average_big_std,no,no,no,0.0007797453221560937,0.0010861121627398654,0.0,0.0
uniform,0.5737963946405102,bit_flip,0.6814170420035843,,tournament,6,hamming,number_plus_one,25,19,evenly_distributed,random,0.3016707825859779,28,big_average_low_std,yes,no,no,0.005046061087699073,0.004201748074273634,0.006066787808139337,0.004683604985618408
uniform,0.644865133160622,bit_flip,0.7634247795515868,,roulette,,euclidean,number_divided_by_two,10,9,evenly_distributed,ordered,0.18808016948496253,23,equal_behaviour,no,no,no,3.4079835000079614e-07,0.0011186993750557305,-0.0003627549850311254,0.0
single_point,0.9202093307841247,bit_flip,0.9471022708606852,,tournament,4,euclidean,number_divided_by_two,25,19,random,random,0.16027435816254454,18,big_average_low_std,no,no,no,0.0015670431530955544,0.0005228070840955011,0.0,-0.004256655394906262
uniform,0.8445532582165525,gaussian,,8.849060244185463,tournament,8,manhattan,number_divided_by_two,25,12,random,random,0.05781088693703529,21,big_average_low_std,no,no,no,0.0020575975748389538,0.000855803048065651,0.0,-0.00048387096774193467
none,0.8300793909254526,gaussian,,1.2700166896971417,tournament,2,hamming,number_plus_one,15,9,evenly_distributed,random,0.30628241211004703,19,equal_behaviour,no,no,no,0.0005837173579109059,-0.00020699252043833834,-0.0007355516637478101,-0.0018978102189781034
none,0.7585167992668728,bit_flip,0.9793890751954563,,tournament,3,manhattan,number_plus_one,25,18,random,random,0.7370223196871185,20,equal_behaviour,yes,no,no,-0.0002485996152609537,1.3846963667926518e-05,-0.0005995935590677636,-0.000664044038522521
none,0.3258614201780534,gaussian,,9.01584967137383,roulette,,hamming,number_divided_by_two,15,11,random,ordered,0.5427619498041504,13,random,no,no,no,-1.0318737432754277e-05,0.000169853560352441,-0.0007586547972304643,-0.0001520839961819921
uniform,0.7869732531758237,gaussian,,6.946364067808035,tournament,2,euclidean,number_divided_by_two,25,19,evenly_distributed,random,0.3282014711040261,14,equal_behaviour,no,no,no,0.0004427253432166552,0.0003319252153348784,-0.00015710182648770194,-0.00021430788897652874
none,0.7968545445551645,bit_flip,0.9754171954167884,,roulette,,manhattan,number_divided_by_two,15,16,evenly_distributed,random,0.2260777052973122,26,big_average_big_std,yes,no,no,0.00083398285268901,-0.000373310651167187,-0.0005376344086021504,-0.0011003236245954696
uniform,0.8960055512954525,gaussian,,8.777838336851744,tournament,8,euclidean,number_divided_by_two,20,19,random,random,0.7999513687627111,23,big_average_low_std,no,no,no,0.00020833870840847787,-4.39622889571019e-06,0.0,-0.00018361720970853037
none,0.6645563238777207,bit_flip,0.9953501845999819,,roulette,,hamming,number_plus_one,25,15,evenly_distributed,random,0.8911966740054552,26,big_average_big_std,yes,no,no,3.356920129455662e-05,0.0002521285827143738,-2.4345843814472914e-05,0.0001664624738318597
single_point,0.4926457642798918,bit_flip,0.9021575859081573,,tournament,8,euclidean,number_divided_by_two,20,10,random,random,0.22606305281085803,10,big_average_big_std,no,yes,yes,0.006971124802121783,0.00761682199098214,0.009354638546571415,0.0076307374444110326
uniform,0.023513556792790213,bit_flip,0.02753047144992904,,roulette,,manhattan,number_plus_one,10,10,evenly_distributed,random,0.5993260430508762,22,random,no,no,no,0.001201821434379573,0.00095835268617433,0.0,0.0
none,0.8902004836323483,bit_flip,0.9348072631603499,,tournament,8,hamming,number_plus_one,25,9,evenly_distributed,random,0.6148933174899717,15,big_average_low_std,no,no,yes,-2.7947934079584055e-05,0.00013278393280205734,-0.00024666800430819477,-8.988016647675846e-05
uniform,0.5920208647707886,gaussian,,6.280234641796364,tournament,2,manhattan,number_divided_by_two,20,13,random,random,0.21547043545475564,10,big_average_big_std,no,no,no,0.0017627816816089166,-0.0005991834774255544,0.0,-0.004294736842105262
none,0.5719130246061549,bit_flip,0.15911401189402397,,roulette,,hamming,number_plus_one,10,16,evenly_distributed,random,0.2511497751078815,21,different_behaviour,yes,no,no,0.0001638050128281042,-0.00044705882352941145,-0.001912045889101338,-0.0017253521126760546
uniform,0.9635963929742136,bit_flip,0.559320995199267,,roulette,,manhattan,number_divided_by_two,10,8,evenly_distributed,random,0.7985589168627155,20,different_behaviour,no,no,no,-0.0003794910953619522,-0.0003543393325819338,-0.0010019560232024827,-0.0012855952215585506
single_point,0.7876742790486092,bit_flip,0.37671970937875576,,tournament,9,hamming,number_divided_by_two,25,16,evenly_distributed,random,0.3760919832052051,19,equal_behaviour,no,no,no,0.00028575955791694063,5.467548694967402e-05,0.0,-0.00033582205148858396
none,0.013469951380572276,bit_flip,0.6443676042314685,,roulette,,hamming,number_divided_by_two,10,13,evenly_distributed,random,0.09265577133227909,27,equal_behaviour,no,no,no,-0.00031451036454610575,0.00011872890233965735,-0.0020871143375680574,-0.001105442176870748
uniform,0.3160585259043104,bit_flip,0.6013782232146319,,tournament,9,hamming,number_plus_one,20,16,evenly_distributed,random,0.2830792883485975,17,big_average_big_std,no,no,no,0.0021879532050662277,0.0010659104244083704,0.0,-0.0002329749103942663
none,0.9394412576231188,bit_flip,0.22461551516576772,,tournament,6,manhattan,number_divided_by_two,25,18,evenly_distributed,ordered,0.009540395487008024,12,random,no,no,no,0.0021705756929637533,0.0021612159508154712,0.0,0.0
uniform,0.07118352683687856,gaussian,,7.337181996644575,roulette,,hamming,number_divided_by_two,20,10,random,ordered,0.9227849599358979,16,different_behaviour,no,no,no,3.675662283751739e-05,-2.1584719568882854e-05,-6.677610770541158e-05,-0.00012972247587493465
none,0.4579120986633257,bit_flip,0.8807605937541065,,tournament,5,hamming,number_plus_one,15,14,random,random,0.3647051478590667,27,equal_behaviour,no,no,no,0.0023497267759562835,-0.0005764467462283291,0.0,-0.0016493055555555562
none,0.4014088871093049,gaussian,,6.64601980850976,tournament,4,manhattan,number_divided_by_two,25,15,random,ordered,0.3670980233643075,25,equal_behaviour,no,no,no,0.00030204970665500847,0.00036752838963122143,0.0,-1.4183822337498263e-06
uniform,0.6552806312696451,bit_flip,0.07924432378165114,,tournament,4,euclidean,number_divided_by_two,25,8,evenly_distributed,random,0.38742325654819165,24,big_average_low_std,no,yes,yes,0.0011278301789065853,0.0009651926323551754,0.0010378013222308786,0.0005515709033744229
none,0.4333038342600266,gaussian,,3.9038057251417104,tournament,5,manhattan,number_plus_one,10,10,evenly_distributed,ordered,0.025444703697924065,14,big_average_big_std,no,no,no,0.0014767255216693428,0.0008410929629064271,0.0,-0.0006951871657754014
none,0.10359808437923324,gaussian,,9.86682977884192,roulette,,manhattan,number_divided_by_two,10,19,evenly_distributed,ordered,0.628182432782519,24,equal_behaviour,no,no,no,0.0005024583349391874,0.0005198763323650066,-0.00032643312101910836,-0.0005528455284552852
single_point,0.11259455750462244,bit_flip,0.11632870299837927,,tournament,5,hamming,number_plus_one,15,8,evenly_distributed,ordered,0.46273314725910486,19,equal_behaviour,no,yes,no,0.0024776727763642977,0.0019527429681693114,0.002844961240310078,0.0003755458515283843
none,0.9455744645772738,bit_flip,0.6788218678749989,,roulette,,hamming,number_plus_one,25,14,evenly_distributed,ordered,0.26844782432659653,21,different_behaviour,no,no,no,0.00036101405099992607,-0.00010098145314773976,-0.001015820149875104,-0.0009429477020602206
single_point,0.7644363199944226,bit_flip,0.35375159101273457,,tournament,2,manhattan,number_plus_one,10,14,random,random,0.803420216924485,11,random,no,no,no,0.0006843797363032187,0.0005415182595775793,0.0,0.0
single_point,0.3115772321881627,gaussian,,4.990646897519339,tournament,5,euclidean,number_plus_one,10,14,evenly_distributed,random,0.47789389614088484,20,random,no,no,no,0.002076113024647718,0.0007209338769739013,0.0,-0.0005819489538716686
single_point,0.7035880296488624,bit_flip,0.03140754759552844,,tournament,2,manhattan,number_plus_one,25,14,random,random,0.3854008494545861,29,big_average_low_std,no,yes,no,0.0010414638963376446,0.0005272827385421704,0.0007089351849270912,-0.00020050188346020214
uniform,0.8128732819090105,gaussian,,3.3966462964816655,roulette,,manhattan,number_divided_by_two,10,18,evenly_distributed,ordered,0.5748842567518021,29,big_average_big_std,no,no,no,0.001058214747736094,0.0001964421212376699,-0.00017667844522968135,-0.0008571428571428576
none,0.5422182859376877,bit_flip,0.44600518582717374,,tournament,9,hamming,number_divided_by_two,15,18,random,random,0.2686830667777115,29,random,yes,no,no,-0.00046901321039099196,0.001083096590909091,-0.0016518650088809947,9.550305588173388e-19
none,0.9489720400519408,bit_flip,0.6997505805316302,,tournament,8,hamming,number_plus_one,20,18,evenly_distributed,ordered,0.256825478273933,18,different_behaviour,yes,no,no,-0.00022966765738989428,-0.0010114320621345673,-0.0037772925764192147,-0.0028860294117647057
none,0.04024817386613899,bit_flip,0.20851839879608858,,tournament,9,euclidean,number_plus_one,25,19,random,ordered,0.31780190709997647,23,big_average_low_std,no,no,yes,-0.00021256190276701498,-0.00018549346733111395,-0.002601220894998724,-0.0013959289215650361
single_point,0.7017751831309101,bit_flip,0.3799636740772685,,tournament,4,manhattan,number_divided_by_two,10,8,evenly_distributed,random,0.7237661122788475,26,big_average_low_std,no,no,yes,0.001733105631716028,0.0004699294043147018,0.0012610591305454784,-0.00026342991762556427
none,0.18007276442885467,bit_flip,0.8246675940907138,,tournament,2,euclidean,number_plus_one,15,18,random,random,0.6561374372601718,12,random,yes,no,no,-0.00014685896615991982,0.0004398548835623128,-0.0007401669735183607,-0.00018215773387522707
single_point,0.13040819527527803,gaussian,,2.3043664214962836,roulette,,manhattan,number_divided_by_two,25,8,random,random,0.2921982774385633,27,random,no,no,no,0.00014808991287884794,0.0004430326472533429,-0.0004279600570613413,0.0
none,0.4848935714360093,gaussian,,7.458846547642567,roulette,,hamming,number_divided_by_two,20,8,evenly_distributed,random,0.45889517233510224,14,big_average_big_std,no,no,no,9.465245648007198e-05,2.1304780450880027e-05,0.0,-0.0001304921218851944
none,0.24707756751285126,bit_flip,0.01312409510592849,,roulette,,manhattan,number_plus_one,25,19,evenly_distributed,ordered,0.16349889078442026,29,different_behaviour,yes,yes,yes,-0.0017119678496653327,-0.00018561359429047517,-0.006407296236435003,-0.004828973843058349
none,0.019304582171772777,bit_flip,0.04426274095929028,,tournament,9,manhattan,number_plus_one,10,17,random,random,0.22112242097852364,22,big_average_low_std,no,no,no,0.0012595595687828248,-0.0003845473833097598,0.0,-0.0011812297734627832
single_point,0.44481213428808963,bit_flip,0.12135025676755362,,tournament,3,hamming,number_divided_by_two,15,10,random,ordered,0.07485489090428876,10,big_average_big_std,no,no,no,0.0005731523378582206,7.368877329865623e-05,0.0,-0.00022321428571428652
single_point,0.5824707221615614,bit_flip,0.3683749180737469,,roulette,,euclidean,number_plus_one,20,11,random,ordered,0.30715363020490993,26,random,no,yes,no,-3.8070307088687195e-05,-0.0005684260383764571,-0.003042120363045748,-0.004132426438033698
none,0.5619448007760535,bit_flip,0.7422863732679625,,tournament,3,euclidean,number_plus_one,25,8,evenly_distributed,random,0.3831444543461998,19,big_average_big_std,no,no,no,0.0003788317099316485,0.00045911423472464206,0.0,0.0
none,0.29663527419474733,bit_flip,0.2745808128371239,,tournament,2,euclidean,number_divided_by_two,15,14,evenly_distributed,random,0.8754669378073234,17,big_average_big_std,yes,no,no,2.765962224272909e-05,3.727396517651833e-05,-0.00019901993785142137,-0.00010919838332985906
single_point,0.5155466469078404,gaussian,,4.296598100418294,roulette,,euclidean,number_divided_by_two,25,9,evenly_distributed,random,0.5230287750142592,26,equal_behaviour,no,no,no,-4.0551088121048936e-05,-7.238831666814885e-06,-0.00015408885305626506,-0.00014209337782952584
none,0.4047146705256648,gaussian,,5.709079550312097,roulette,,euclidean,number_plus_one,25,9,evenly_distributed,ordered,0.9493592080147968,12,different_behaviour,no,no,no,0.00013243943669809163,0.00010251275879760377,-3.0595605557412115e-06,0.0
single_point,0.9704638437913768,gaussian,,6.837213936091812,roulette,,manhattan,number_divided_by_two,25,13,evenly_distributed,ordered,0.39337309610141613,21,different_behaviour,no,no,no,0.00016357321727852002,-3.5794103281762676e-05,-0.0006823747435303464,-0.0011173184357541896
uniform,0.39964244050591835,bit_flip,0.9248786931548074,,tournament,5,hamming,number_divided_by_two,15,13,evenly_distributed,ordered,0.26080142161048847,17,low_average_low_std,no,no,no,0.001259005145797599,0.0012188397472716833,0.0,0.0
none,0.31476301322875855,bit_flip,0.038024276318493255,,roulette,,hamming,number_divided_by_two,10,10,evenly_distributed,random,0.12189646192475145,11,different_behaviour,yes,no,no,0.0010644301614673155,-0.00010498687664042063,-0.0037349397590361426,-0.0020784313725490194
uniform,0.164187643452121,bit_flip,0.10736984425015761,,roulette,,manhattan,number_plus_one,20,12,random,ordered,0.30432884595520227,14,big_average_low_std,yes,no,no,-0.0004056366121862936,-0.001179729120835432,-0.0010861507357070649,-0.002331812331812331
uniform,0.6295207313254898,bit_flip,0.7305314923032185,,tournament,9,hamming,number_plus_one,10,15,random,ordered,0.11040198309399141,20,big_average_low_std,no,no,no,0.0011320374660086627,-0.0007042400250026047,0.0,-0.0028277153558052435
none,0.6027496133670242,bit_flip,0.04542709982775239,,roulette,,hamming,number_divided_by_two,10,11,random,random,0.20749872136801273,17,random,no,no,no,-0.0005685048322910749,-0.001261425959780622,-0.004142259414225939,-0.0037358490566037727
none,0.256242403841193,gaussian,,3.87524090350769,roulette,,hamming,number_divided_by_two,25,10,random,ordered,0.7655355867254686,24,different_behaviour,no,no,no,-4.045005470043996e-05,2.729750414965268e-05,-7.544413273224748e-05,-7.044432483440642e-05
single_point,0.27079471126401944,bit_flip,0.6520484895438552,,roulette,,euclidean,number_divided_by_two,25,15,random,ordered,0.8746973109030726,10,different_behaviour,no,no,no,-7.366827216333114e-05,-9.141330332590477e-05,-0.00023686150593611502,-0.00032346515418297216
uniform,0.8096086836988972,gaussian,,6.451410102288817,tournament,4,manhattan,number_divided_by_two,15,8,random,random,0.5895642019757309,22,big_average_low_std,no,no,no,0.00042522364178370253,0.00036482147075159134,0.0,0.0
